codigo,categoria,tipo,nome,selecao_codigo,selecao,observacao
AXLLE1,Limited Edition,LIMITED,Abdukodir Khusanov,UZB,Uzbequistão,
AXLLE2,Limited Edition,LIMITED,Achraf Hakimi,MAR,Marrocos,
AXLLE3,Limited Edition,LIMITED,Alphonso Davies,CAN,Canadá,
AXLLE4,Limited Edition,LIMITED,Amad Diallo,CIV,Costa do Marfim,
AXLLE5,Limited Edition,LIMITED,Antonio Nusa,NOR,Noruega,
AXLLE6,Limited Edition,LIMITED,Antonio Rüdiger,GER,Alemanha,
AXLLE7,Limited Edition,LIMITED,Arda Güler,TUR,Turquia,só no Final Teams Set
AXLLE8,Limited Edition,LIMITED,Aurélien Tchouaméni,FRA,França,
AXLLE9,Limited Edition,LIMITED,Brahim Díaz,MAR,Marrocos,
AXLLE10,Limited Edition,LIMITED,Bukayo Saka,ENG,Inglaterra,
AXLLE11,Limited Edition,LIMITED,Chris Wood,NZL,Nova Zelândia,
AXLLE12,Limited Edition,LIMITED,Christian Pulisic,USA,Estados Unidos,
AXLLE13,Limited Edition,LIMITED,Cole Palmer,ENG,Inglaterra,
AXLLE14,Limited Edition,LIMITED,Cristiano Ronaldo,POR,Portugal,
AXLLE15,Limited Edition,LIMITED,Darwin Núñez,URU,Uruguai,
AXLLE16,Limited Edition,LIMITED,David Alaba,AUT,Áustria,
AXLLE17,Limited Edition,LIMITED,Dean Huijsen,ESP,Espanha,
AXLLE18,Limited Edition,LIMITED,Declan Rice,ENG,Inglaterra,
AXLLE19,Limited Edition,LIMITED,Denzel Dumfries,NED,Holanda,
AXLLE20,Limited Edition,LIMITED,Désiré Doué,FRA,França,
AXLLE21,Limited Edition,LIMITED,Eberechi Eze,ENG,Inglaterra,
AXLLE22,Limited Edition,LIMITED,Erling Haaland,NOR,Noruega,
AXLLE23,Limited Edition,LIMITED,Estêvão,BRA,Brasil,
AXLLE24,Limited Edition,LIMITED,Federico Valverde,URU,Uruguai,
AXLLE25,Limited Edition,LIMITED,Florian Wirtz,GER,Alemanha,
AXLLE26,Limited Edition,LIMITED,Gilberto Mora,MEX,México,
AXLLE27,Limited Edition,LIMITED,Giuliano Simeone,ARG,Argentina,só no Upgrade Set
AXLLE28,Limited Edition,LIMITED,Granit Xhaka,SUI,Suíça,
AXLLE29,Limited Edition,LIMITED,Harry Kane,ENG,Inglaterra,
AXLLE30,Limited Edition,LIMITED,Heungmin Son,KOR,Coreia do Sul,
AXLLE31,Limited Edition,LIMITED,Jamal Musiala,GER,Alemanha,
AXLLE32,Limited Edition,LIMITED,Jérémy Doku,BEL,Bélgica,
AXLLE33,Limited Edition,LIMITED,João Neves,POR,Portugal,
AXLLE34,Limited Edition,LIMITED,Jonathan David,CAN,Canadá,
AXLLE35,Limited Edition,LIMITED,Jonathan Tah,GER,Alemanha,
AXLLE36,Limited Edition,LIMITED,Joshua Kimmich,GER,Alemanha,
AXLLE37,Limited Edition,LIMITED,Joško Gvardiol,CRO,Croácia,
AXLLE38,Limited Edition,LIMITED,Jude Bellingham,ENG,Inglaterra,
AXLLE39,Limited Edition,LIMITED,Jules Koundé,FRA,França,
AXLLE40,Limited Edition,LIMITED,Julián Alvarez,ARG,Argentina,
AXLLE41,Limited Edition,LIMITED,Kai Havertz,GER,Alemanha,
AXLLE42,Limited Edition,LIMITED,Kevin De Bruyne,BEL,Bélgica,
AXLLE43,Limited Edition,LIMITED,Kylian Mbappé,FRA,França,
AXLLE44,Limited Edition,LIMITED,Lamine Yamal,ESP,Espanha,
AXLLE45,Limited Edition,LIMITED,Lautaro Martínez,ARG,Argentina,
AXLLE46,Limited Edition,LIMITED,Leon Goretzka,GER,Alemanha,
AXLLE47,Limited Edition,LIMITED,Leroy Sané,GER,Alemanha,
AXLLE48,Limited Edition,LIMITED,Lionel Messi,ARG,Argentina,
AXLLE49,Limited Edition,LIMITED,Luis Díaz,COL,Colômbia,
AXLLE50,Limited Edition,LIMITED,Luka Modrić,CRO,Croácia,
AXLLE51,Limited Edition,LIMITED,Marc-André ter Stegen,GER,Alemanha,
AXLLE52,Limited Edition,LIMITED,Marc Cucurella,ESP,Espanha,só no Upgrade Set
AXLLE53,Limited Edition,LIMITED,Marcus Thuram,FRA,França,
AXLLE54,Limited Edition,LIMITED,Marquinhos,BRA,Brasil,
AXLLE55,Limited Edition,LIMITED,Martin Ødegaard,NOR,Noruega,
AXLLE56,Limited Edition,LIMITED,Mathew Ryan,AUS,Austrália,
AXLLE57,Limited Edition,LIMITED,Michael Olise,FRA,França,
AXLLE58,Limited Edition,LIMITED,Minjae Kim,KOR,Coreia do Sul,
AXLLE59,Limited Edition,LIMITED,Mohamed Salah,EGY,Egito,
AXLLE60,Limited Edition,LIMITED,Moisés Caicedo,ECU,Equador,
AXLLE61,Limited Edition,LIMITED,Nick Woltemade,GER,Alemanha,
AXLLE62,Limited Edition,LIMITED,Nico Paz,ARG,Argentina,
AXLLE63,Limited Edition,LIMITED,Nico Williams,ESP,Espanha,
AXLLE64,Limited Edition,LIMITED,Nuno Mendes,POR,Portugal,
AXLLE65,Limited Edition,LIMITED,Omar Marmoush,EGY,Egito,
AXLLE66,Limited Edition,LIMITED,Oscar Bobb,NOR,Noruega,
AXLLE67,Limited Edition,LIMITED,Ousmane Dembélé,FRA,França,
AXLLE68,Limited Edition,LIMITED,Pau Cubarsí,ESP,Espanha,
AXLLE69,Limited Edition,LIMITED,Pedri,ESP,Espanha,
AXLLE70,Limited Edition,LIMITED,Rafael Leão,POR,Portugal,
AXLLE71,Limited Edition,LIMITED,Raphinha,BRA,Brasil,
AXLLE72,Limited Edition,LIMITED,Rodri,ESP,Espanha,
AXLLE73,Limited Edition,LIMITED,Rodrygo,BRA,Brasil,
AXLLE74,Limited Edition,LIMITED,Romelu Lukaku,BEL,Bélgica,
AXLLE75,Limited Edition,LIMITED,Ryan Gravenberch,NED,Holanda,
AXLLE76,Limited Edition,LIMITED,Sadio Mané,SEN,Senegal,
AXLLE77,Limited Edition,LIMITED,Santiago Giménez,MEX,México,
AXLLE78,Limited Edition,LIMITED,Scott McTominay,SCO,Escócia,
AXLLE79,Limited Edition,LIMITED,Takefusa Kubo,JPN,Japão,
AXLLE80,Limited Edition,LIMITED,Thibaut Courtois,BEL,Bélgica,
AXLLE81,Limited Edition,LIMITED,Tijjani Reijnders,NED,Holanda,
AXLLE82,Limited Edition,LIMITED,Viktor Gyökeres,SWE,Suécia,só no Final Teams Set
AXLLE83,Limited Edition,LIMITED,Vinícius Júnior,BRA,Brasil,
AXLLE84,Limited Edition,LIMITED,Virgil van Dijk,NED,Holanda,
AXLLE85,Limited Edition,LIMITED,Vitinha,POR,Portugal,
AXLLE86,Limited Edition,LIMITED,Weston McKennie,USA,Estados Unidos,
AXLLE87,Limited Edition,LIMITED,Willian Pacho,ECU,Equador,
AXLLE88,Limited Edition,LIMITED,Xavi Simons,NED,Holanda,
AXLLE89,Limited Edition,LIMITED,150 Coins,,,card de moedas do jogo
AXLLE90,Limited Edition,LIMITED,350 Coins,,,card de moedas do jogo
AXLLH1,Limited Edition Holo,LIMITED_HOLO,Abdukodir Khusanov,UZB,Uzbequistão,
AXLLH2,Limited Edition Holo,LIMITED_HOLO,Achraf Hakimi,MAR,Marrocos,
AXLLH3,Limited Edition Holo,LIMITED_HOLO,Antonio Nusa,NOR,Noruega,
AXLLH4,Limited Edition Holo,LIMITED_HOLO,Cole Palmer,ENG,Inglaterra,
AXLLH5,Limited Edition Holo,LIMITED_HOLO,Cristiano Ronaldo,POR,Portugal,
AXLLH6,Limited Edition Holo,LIMITED_HOLO,Erling Haaland,NOR,Noruega,
AXLLH7,Limited Edition Holo,LIMITED_HOLO,Harry Kane,ENG,Inglaterra,
AXLLH8,Limited Edition Holo,LIMITED_HOLO,Heungmin Son,KOR,Coreia do Sul,
AXLLH9,Limited Edition Holo,LIMITED_HOLO,Jamal Musiala,GER,Alemanha,
AXLLH10,Limited Edition Holo,LIMITED_HOLO,Jérémy Doku,BEL,Bélgica,
AXLLH11,Limited Edition Holo,LIMITED_HOLO,Jude Bellingham,ENG,Inglaterra,
AXLLH12,Limited Edition Holo,LIMITED_HOLO,Julián Alvarez,ARG,Argentina,
AXLLH13,Limited Edition Holo,LIMITED_HOLO,Kevin De Bruyne,BEL,Bélgica,
AXLLH14,Limited Edition Holo,LIMITED_HOLO,Kylian Mbappé,FRA,França,
AXLLH15,Limited Edition Holo,LIMITED_HOLO,Lamine Yamal,ESP,Espanha,
AXLLH16,Limited Edition Holo,LIMITED_HOLO,Lionel Messi,ARG,Argentina,
AXLLH17,Limited Edition Holo,LIMITED_HOLO,Luis Díaz,COL,Colômbia,
AXLLH18,Limited Edition Holo,LIMITED_HOLO,Mohamed Salah,EGY,Egito,
AXLLH19,Limited Edition Holo,LIMITED_HOLO,Ousmane Dembélé,FRA,França,
AXLLH20,Limited Edition Holo,LIMITED_HOLO,Pedri,ESP,Espanha,
AXLLH21,Limited Edition Holo,LIMITED_HOLO,Raphinha,BRA,Brasil,
AXLLH22,Limited Edition Holo,LIMITED_HOLO,Tijjani Reijnders,NED,Holanda,
AXLLH23,Limited Edition Holo,LIMITED_HOLO,Vinícius Júnior,BRA,Brasil,
AXLLH24,Limited Edition Holo,LIMITED_HOLO,Virgil van Dijk,NED,Holanda,
AXLLH25,Limited Edition Holo,LIMITED_HOLO,Vitinha,POR,Portugal,
AXLPR1,Premium Limited,PREMIUM,Eduardo Camavinga,FRA,França,
AXLPR2,Premium Limited,PREMIUM,Erling Haaland,NOR,Noruega,
AXLPR3,Premium Limited,PREMIUM,Folarin Balogun,USA,Estados Unidos,
AXLPR4,Premium Limited,PREMIUM,Kalidou Koulibaly,SEN,Senegal,
AXLPR5,Premium Limited,PREMIUM,Leroy Sané,GER,Alemanha,
AXLPR6,Premium Limited,PREMIUM,Manuel Akanji,SUI,Suíça,
AXLPR7,Premium Limited,PREMIUM,Phil Foden,ENG,Inglaterra,
AXLPR8,Premium Limited,PREMIUM,Raúl Jiménez,MEX,México,
AXLPR9,Premium Limited,PREMIUM,Sofyan Amrabat,MAR,Marrocos,
AXLPR10,Premium Limited,PREMIUM,Takumi Minamino,JPN,Japão,
AXLPR11,Premium Limited,PREMIUM,Vinícius Júnior,BRA,Brasil,
AXLPR12,Premium Limited,PREMIUM,Youri Tielemans,BEL,Bélgica,
AXLPG1,Premium Gold Limited,PREMIUM_GOLD,James Rodríguez,COL,Colômbia,
AXLPG2,Premium Gold Limited,PREMIUM_GOLD,Lamine Yamal,ESP,Espanha,
AXLPG3,Premium Gold Limited,PREMIUM_GOLD,Lionel Messi,ARG,Argentina,
AXLPG4,Premium Gold Limited,PREMIUM_GOLD,Marcus Rashford,ENG,Inglaterra,
AXLPG5,Premium Gold Limited,PREMIUM_GOLD,Memphis Depay,NED,Holanda,
AXLPG6,Premium Gold Limited,PREMIUM_GOLD,Mike Maignan,FRA,França,
AXLXL1,XXL Limited,XXL,Achraf Hakimi,MAR,Marrocos,
AXLXL2,XXL Limited,XXL,Antonio Nusa,NOR,Noruega,
AXLXL3,XXL Limited,XXL,Christian Pulisic,USA,Estados Unidos,
AXLXL4,XXL Limited,XXL,Cole Palmer,ENG,Inglaterra,
AXLXL5,XXL Limited,XXL,Cristiano Ronaldo,POR,Portugal,
AXLXL6,XXL Limited,XXL,Désiré Doué,FRA,França,
AXLXL7,XXL Limited,XXL,Erling Haaland,NOR,Noruega,
AXLXL8,XXL Limited,XXL,Estêvão,BRA,Brasil,
AXLXL9,XXL Limited,XXL,Florian Wirtz,GER,Alemanha,
AXLXL10,XXL Limited,XXL,Gilberto Mora,MEX,México,
AXLXL11,XXL Limited,XXL,Harry Kane,ENG,Inglaterra,
AXLXL12,XXL Limited,XXL,Jamal Musiala,GER,Alemanha,
AXLXL13,XXL Limited,XXL,Jérémy Doku,BEL,Bélgica,
AXLXL14,XXL Limited,XXL,João Neves,POR,Portugal,
AXLXL15,XXL Limited,XXL,Jonathan David,CAN,Canadá,
AXLXL16,XXL Limited,XXL,Joško Gvardiol,CRO,Croácia,
AXLXL17,XXL Limited,XXL,Jude Bellingham,ENG,Inglaterra,
AXLXL18,XXL Limited,XXL,Julián Alvarez,ARG,Argentina,
AXLXL19,XXL Limited,XXL,Kevin De Bruyne,BEL,Bélgica,
AXLXL20,XXL Limited,XXL,Kylian Mbappé,FRA,França,
AXLXL21,XXL Limited,XXL,Lamine Yamal,ESP,Espanha,
AXLXL22,XXL Limited,XXL,Lionel Messi,ARG,Argentina,
AXLXL23,XXL Limited,XXL,Luis Díaz,COL,Colômbia,
AXLXL24,XXL Limited,XXL,Luka Modrić,CRO,Croácia,
AXLXL25,XXL Limited,XXL,Marquinhos,BRA,Brasil,
AXLXL26,XXL Limited,XXL,Mohamed Salah,EGY,Egito,
AXLXL27,XXL Limited,XXL,Nico Paz,ARG,Argentina,
AXLXL28,XXL Limited,XXL,Ousmane Dembélé,FRA,França,
AXLXL29,XXL Limited,XXL,Pau Cubarsí,ESP,Espanha,
AXLXL30,XXL Limited,XXL,Pedri,ESP,Espanha,
AXLXL31,XXL Limited,XXL,Rafael Leão,POR,Portugal,
AXLXL32,XXL Limited,XXL,Heungmin Son,KOR,Coreia do Sul,
AXLXL33,XXL Limited,XXL,Takefusa Kubo,JPN,Japão,
AXLXL34,XXL Limited,XXL,Vinícius Júnior,BRA,Brasil,
AXLXL35,XXL Limited,XXL,Virgil van Dijk,NED,Holanda,
AXLXL36,XXL Limited,XXL,Xavi Simons,NED,Holanda,
AXLXH1,XXL Holo Limited,XXL_HOLO,Achraf Hakimi,MAR,Marrocos,
AXLXH2,XXL Holo Limited,XXL_HOLO,Christian Pulisic,USA,Estados Unidos,
AXLXH3,XXL Holo Limited,XXL_HOLO,Cristiano Ronaldo,POR,Portugal,
AXLXH4,XXL Holo Limited,XXL_HOLO,Erling Haaland,NOR,Noruega,
AXLXH5,XXL Holo Limited,XXL_HOLO,Harry Kane,ENG,Inglaterra,
AXLXH6,XXL Holo Limited,XXL_HOLO,Heungmin Son,KOR,Coreia do Sul,
AXLXH7,XXL Holo Limited,XXL_HOLO,Jamal Musiala,GER,Alemanha,
AXLXH8,XXL Holo Limited,XXL_HOLO,Jérémy Doku,BEL,Bélgica,
AXLXH9,XXL Holo Limited,XXL_HOLO,Jonathan David,CAN,Canadá,
AXLXH10,XXL Holo Limited,XXL_HOLO,Kylian Mbappé,FRA,França,
AXLXH11,XXL Holo Limited,XXL_HOLO,Lamine Yamal,ESP,Espanha,
AXLXH12,XXL Holo Limited,XXL_HOLO,Lionel Messi,ARG,Argentina,
AXLXH13,XXL Holo Limited,XXL_HOLO,Luis Díaz,COL,Colômbia,
AXLXH14,XXL Holo Limited,XXL_HOLO,Luka Modrić,CRO,Croácia,
AXLXH15,XXL Holo Limited,XXL_HOLO,Mohamed Salah,EGY,Egito,
AXLXH16,XXL Holo Limited,XXL_HOLO,Ousmane Dembélé,FRA,França,
AXLXH17,XXL Holo Limited,XXL_HOLO,Vinícius Júnior,BRA,Brasil,
AXLXH18,XXL Holo Limited,XXL_HOLO,Virgil van Dijk,NED,Holanda,
